{
    "chord": [
        0.010008223240558006,
        0.010338682639154311,
        0.011327047037349157,
        0.01258107208872686,
        0.013886208780305052,
        0.015137146203249479,
        0.016439061111837888,
        0.017673096644766403,
        0.018629936334558735,
        0.019208245319032993,
        0.01944267912466254,
        0.01938556312938875,
        0.01911818474808076,
        0.018695272072372694,
        0.018110437452760298,
        0.017377575390026056,
        0.016446473384559113,
        0.015311112031965534,
        0.013708626249162187,
        0.002407212218367096
    ],
    "theta": [
        46.76927759209135,
        43.96260632598269,
        41.3797430810123,
        39.00849687011317,
        36.83667670621826,
        34.852091602260536,
        33.04255057117296,
        31.395862625888483,
        29.899836779340117,
        28.54228204446077,
        27.311007434183445,
        26.193821961441103,
        25.178534639166717,
        24.252954480293223,
        23.4048904977536,
        22.62215170448081,
        21.892547113407858,
        21.203885737467655,
        20.5439765895932,
        19.90062868271744
    ],
    "thick": [
        0.010008223240558006,
        0.010338682639154311,
        0.011327047037349157,
        0.01258107208872686,
        0.013886208780305052,
        0.015137146203249479,
        0.016439061111837888,
        0.017673096644766403,
        0.018629936334558735,
        0.019208245319032993,
        0.01944267912466254,
        0.01938556312938875,
        0.01911818474808076,
        0.018695272072372694,
        0.018110437452760298,
        0.017377575390026056,
        0.016446473384559113,
        0.015311112031965534,
        0.013708626249162187,
        0.002407212218367096
    ],
    "alpha_L0": [
        -0.02732155588131748,
        0.01969980915334633,
        0.013364305580278646,
        0.017719824157162483,
        0.0669883347666033,
        null,
        0.03955810389241505,
        -0.03453233663619234,
        -0.036490925640668886,
        -0.02918418185516853,
        -0.10381013309607402,
        -0.024544501933413915,
        -0.024920469584033274,
        -0.024928714733999588,
        -0.024353223775876738,
        -0.023774222501724004,
        -0.02319125817397638,
        -0.023464120653759267,
        -0.020825595678306413,
        -0.008027313189503093
    ],
    "Cl_alpha": [
        0.38395042088353165,
        0.18707197261598,
        1.4707151221073171,
        2.4470374866451916,
        -1.7815935324064058,
        7.102147587372568,
        4.945877007711869,
        4.611467165395433,
        6.425772725904911,
        8.557329971561584,
        0.054821830262927924,
        10.24128111270235,
        9.889821093894223,
        9.703407912798923,
        9.369657301372873,
        9.049285137032598,
        8.670747418625373,
        8.297292194849135,
        5.343447018488423,
        4.707592808801074
    ],
    "M": [
        50.0,
        50.0,
        50.0,
        50.0,
        50.0,
        50.0,
        50.0,
        50.0,
        50.0,
        50.0,
        50.0,
        50.0,
        50.0,
        50.0,
        50.0,
        50.0,
        50.0,
        50.0,
        50.0,
        50.0
    ],
    "span": [
        0.005315011557610248,
        0.005315011557610234,
        0.005315011557610244,
        0.005315011557610244,
        0.005315011557610244,
        0.005315011557610237,
        0.005315011557610244,
        0.005315011557610244,
        0.005315011557610244,
        0.005315011557610244,
        0.005315011557610244,
        0.005315011557610244,
        0.00531501155761023,
        0.005315011557610244,
        0.00531501155761023,
        0.005315011557610244,
        0.005315011557610244,
        0.005315011557610244,
        0.005315011557610244
    ]
}