{
    "chord": [
        0.010008223240558006,
        0.010338682639154311,
        0.011327047037349157,
        0.01258107208872686,
        0.013886208780305052,
        0.015137146203249479,
        0.016439061111837888,
        0.017673096644766403,
        0.018629936334558735,
        0.019208245319032993,
        0.01944267912466254,
        0.01938556312938875,
        0.01911818474808076,
        0.018695272072372694,
        0.018110437452760298,
        0.017377575390026056,
        0.016446473384559113,
        0.015311112031965534,
        0.013708626249162187,
        0.002407212218367096
    ],
    "theta": [
        46.76927759209135,
        43.96260632598269,
        41.3797430810123,
        39.00849687011317,
        36.83667670621826,
        34.852091602260536,
        33.04255057117296,
        31.395862625888483,
        29.899836779340117,
        28.54228204446077,
        27.311007434183445,
        26.193821961441103,
        25.178534639166717,
        24.252954480293223,
        23.4048904977536,
        22.62215170448081,
        21.892547113407858,
        21.203885737467655,
        20.5439765895932,
        19.90062868271744
    ],
    "thick": [
        0.010008223240558006,
        0.010338682639154311,
        0.011327047037349157,
        0.01258107208872686,
        0.013886208780305052,
        0.015137146203249479,
        0.016439061111837888,
        0.017673096644766403,
        0.018629936334558735,
        0.019208245319032993,
        0.01944267912466254,
        0.01938556312938875,
        0.01911818474808076,
        0.018695272072372694,
        0.018110437452760298,
        0.017377575390026056,
        0.016446473384559113,
        0.015311112031965534,
        0.013708626249162187,
        0.002407212218367096
    ],
    "alpha_L0": [
        -0.02738962704609542,
        0.019706998779566595,
        -0.036383382081074196,
        0.01773099588893295,
        0.06674587374787182,
        -0.036383382081074196,
        0.039560295396141934,
        -0.03447579410535774,
        -0.036383382081074195,
        -0.036383382081074196,
        -0.036383382081074196,
        -0.024544482613456684,
        -0.024920465816298098,
        -0.024928695086799065,
        -0.024353216005073564,
        -0.02377429139570186,
        -0.023190552496106836,
        -0.023464538542059214,
        -0.020825605061337633,
        -0.00802736346259455
    ],
    "Cl_alpha": [
        0.38395042088273645,
        0.1870719726159746,
        1.4707151221073684,
        2.4470374866451365,
        5.781593532405755,
        7.102147587372572,
        4.945877007712065,
        4.611467165385864,
        6.42577272601266,
        6.42577272601266,
        6.18986827047086782,
        6.241281112702026,
        6.889821093894604,
        6.703407912799314,
        6.369657301372994,
        6.049285137033397,
        6.670747418631182,
        6.297292194847348,
        5.3434470184917515,
        4.707592808802409
    ],
    "M": [
        50.0,
        50.0,
        50.0,
        50.0,
        50.0,
        50.0,
        50.0,
        50.0,
        50.0,
        50.0,
        50.0,
        50.0,
        50.0,
        50.0,
        50.0,
        50.0,
        50.0,
        50.0,
        50.0,
        50.0
    ],
    "span": [
        0.005315011557610248,
        0.005315011557610234,
        0.005315011557610244,
        0.005315011557610244,
        0.005315011557610244,
        0.005315011557610237,
        0.005315011557610244,
        0.005315011557610244,
        0.005315011557610244,
        0.005315011557610244,
        0.005315011557610244,
        0.005315011557610244,
        0.00531501155761023,
        0.005315011557610244,
        0.00531501155761023,
        0.005315011557610244,
        0.005315011557610244,
        0.005315011557610244,
        0.005315011557610244
    ]
}