{
    "chord": [
        0.010008223240558006,
        0.010338682639154311,
        0.011327047037349157,
        0.01258107208872686,
        0.013886208780305052,
        0.015137146203249479,
        0.016439061111837888,
        0.017673096644766403,
        0.018629936334558735,
        0.019208245319032993,
        0.01944267912466254,
        0.01938556312938875,
        0.01911818474808076,
        0.018695272072372694,
        0.018110437452760298,
        0.017377575390026056,
        0.016446473384559113,
        0.015311112031965534,
        0.013708626249162187,
        0.002407212218367096
    ],
    "theta": [
        46.76927759209135,
        43.96260632598269,
        41.3797430810123,
        39.00849687011317,
        36.83667670621826,
        34.852091602260536,
        33.04255057117296,
        31.395862625888483,
        29.899836779340117,
        28.54228204446077,
        27.311007434183445,
        26.193821961441103,
        25.178534639166717,
        24.252954480293223,
        23.4048904977536,
        22.62215170448081,
        21.892547113407858,
        21.203885737467655,
        20.5439765895932,
        19.90062868271744
    ],
    "thick": [
        0.010008223240558006,
        0.010338682639154311,
        0.011327047037349157,
        0.01258107208872686,
        0.013886208780305052,
        0.015137146203249479,
        0.016439061111837888,
        0.017673096644766403,
        0.018629936334558735,
        0.019208245319032993,
        0.01944267912466254,
        0.01938556312938875,
        0.01911818474808076,
        0.018695272072372694,
        0.018110437452760298,
        0.017377575390026056,
        0.016446473384559113,
        0.015311112031965534,
        0.013708626249162187,
        0.002407212218367096
    ],
    "alpha_0": [
        0.12217304763960307,
        0.12217304763960307,
        0.12217304763960307,
        0.12217304763960307,
        0.22689280275926282,
        0.15707963267948966,
        0.15707963267948966,
        0.12217304763960307,
        0.12217304763960307,
        0.15707963267948966,
        0.17453292519943295,
        0.17453292519943295,
        0.19198621771937624,
        0.1832595714594046,
        0.16580627893946132,
        0.16580627893946132,
        0.16580627893946132,
        0.16580627893946132,
        0.16580627893946132,
        0.13962634015954636,
        0.15707963267948966
    ],
    "alpha_L0": [
        -0.05408949884855626,
        -0.05408949884855626,
        -0.05408949884855626,
        -0.05408949884855626,
        -0.05408949884855626,
        -0.05408949884855626,
        -0.06009620530226367,
        -0.07017282468057132,
        -0.06692951546607989,
        -0.0531445034536468,
        -0.042891515024260154,
        -0.037363946845128164,
        -0.03502258106423809,
        -0.032769234341396905,
        -0.03018261201579397,
        -0.02846276765995708,
        -0.027299926672545206,
        -0.027551268906481914,
        -0.030646252059455384,
        -0.00800594564643261
    ],
    "Cl_alpha": [
        4.0,
        4.0,
        4.0,
        4.0,
        4.0,
        4.0,
        5.54050187891506,
        5.93011317960402,
        6.124918829948499,
        6.2738878566825145,
        6.3521920886837275,
        6.365561103903445,
        6.365561103903445,
        6.359831525952137,
        6.375110400488959,
        6.377020259806062,
        6.365561103903445,
        6.344552651415314,
        6.247149826243077,
        6.34073293278111
    ],
    "M": [
        50.0,
        50.0,
        50.0,
        50.0,
        50.0,
        50.0,
        50.0,
        50.0,
        50.0,
        50.0,
        50.0,
        50.0,
        50.0,
        50.0,
        50.0,
        50.0,
        50.0,
        50.0,
        50.0,
        50.0
    ],
    "span": [
        0.005315011557610248,
        0.005315011557610234,
        0.005315011557610244,
        0.005315011557610244,
        0.005315011557610244,
        0.005315011557610237,
        0.005315011557610244,
        0.005315011557610244,
        0.005315011557610244,
        0.005315011557610244,
        0.005315011557610244,
        0.005315011557610244,
        0.00531501155761023,
        0.005315011557610244,
        0.00531501155761023,
        0.005315011557610244,
        0.005315011557610244,
        0.005315011557610244,
        0.005315011557610244
    ]
}