{
    "chord": [
        0.010338682639154311,
        0.01258107208872686,
        0.015137146203249479,
        0.017673096644766403,
        0.019208245319032993,
        0.01938556312938875,
        0.018695272072372694,
        0.017377575390026056,
        0.015311112031965534,
        0.002407212218367096
    ],
    "theta": [
        43.96260632598269,
        39.00849687011317,
        34.852091602260536,
        31.395862625888483,
        28.54228204446077,
        26.193821961441103,
        24.252954480293223,
        22.62215170448081,
        21.203885737467655,
        19.90062868271744
    ],
    "thick": [
        0.010338682639154311,
        0.01258107208872686,
        0.015137146203249479,
        0.017673096644766403,
        0.019208245319032993,
        0.01938556312938875,
        0.018695272072372694,
        0.017377575390026056,
        0.015311112031965534,
        0.002407212218367096
    ],
    "alpha_0": [
        0.10471975511965977,
        0.1308996938995747,
        0.15707963267948966,
        0.15707963267948966,
        0.15707963267948966,
        0.15707963267948966,
        0.13962634015954636,
        0.13962634015954636,
        0.13962634015954636,
        0.16580627893946132
    ],
    "alpha_L0": [
        -0.033575786727486595,
        -0.05753408374937059,
        -0.0672107594986745,
        -0.07961736744315003,
        -0.07991463785970841,
        -0.07745020922040502,
        -0.07438710429242983,
        -0.07076483783585795,
        -0.06327249090298456,
        -0.05144790371644546
    ],
    "Cl_alpha": [
        6.378930119123164,
        6.226141373754945,
        6.145927282436631,
        6.040885019995978,
        5.99313853706841,
        5.977859662531587,
        6.008417411605232,
        6.059983613167006,
        6.103910377460369,
        6.184124468778686
    ],
    "M": [
        50.0,
        50.0,
        50.0,
        50.0,
        50.0,
        50.0,
        50.0,
        50.0,
        50.0,
        50.0
    ],
    "span": [
        0.005315011557610248,
        0.005315011557610234,
        0.005315011557610244,
        0.005315011557610244,
        0.005315011557610244,
        0.005315011557610237,
        0.005315011557610244,
        0.005315011557610244,
        0.005315011557610244
    ]
}