{
    "chord": [
        0.010008223240558006,
        0.010338682639154311,
        0.011327047037349157,
        0.01258107208872686,
        0.013886208780305052,
        0.015137146203249479,
        0.016439061111837888,
        0.017673096644766403,
        0.018629936334558735,
        0.019208245319032993,
        0.01944267912466254,
        0.01938556312938875,
        0.01911818474808076,
        0.018695272072372694,
        0.018110437452760298,
        0.017377575390026056,
        0.016446473384559113,
        0.015311112031965534,
        0.013708626249162187,
        0.002407212218367096
    ],
    "theta": [
        46.76927759209135,
        43.96260632598269,
        41.3797430810123,
        39.00849687011317,
        36.83667670621826,
        34.852091602260536,
        33.04255057117296,
        31.395862625888483,
        29.899836779340117,
        28.54228204446077,
        27.311007434183445,
        26.193821961441103,
        25.178534639166717,
        24.252954480293223,
        23.4048904977536,
        22.62215170448081,
        21.892547113407858,
        21.203885737467655,
        20.5439765895932,
        19.90062868271744
    ],
    "thick": [
        0.010008223240558006,
        0.010338682639154311,
        0.011327047037349157,
        0.01258107208872686,
        0.013886208780305052,
        0.015137146203249479,
        0.016439061111837888,
        0.017673096644766403,
        0.018629936334558735,
        0.019208245319032993,
        0.01944267912466254,
        0.01938556312938875,
        0.01911818474808076,
        0.018695272072372694,
        0.018110437452760298,
        0.017377575390026056,
        0.016446473384559113,
        0.015311112031965534,
        0.013708626249162187,
        0.002407212218367096
    ],
    "alpha_0": [
        0.10471975511965977,
        0.1308996938995747,
        0.15707963267948966,
        0.15707963267948966,
        0.15707963267948966,
        0.15707963267948966,
        0.13962634015954636,
        0.13962634015954636,
        0.13962634015954636,
        0.16580627893946132,
        0.10471975511965977,
        0.1308996938995747,
        0.15707963267948966,
        0.15707963267948966,
        0.15707963267948966,
        0.15707963267948966,
        0.13962634015954636,
        0.13962634015954636,
        0.13962634015954636,
        0.16580627893946132
    ],
    "alpha_L0": [
        0.012217304763960306,
        -0.005235987755982988,
        0.002804993440705173,
        -0.03418174459827119,
        0.09480479958173453,
        -0.03275574776877526,
        -0.06687710217922196,
        -0.07954473560211152,
        -0.07646128786691522,
        -0.061322379124125095,
        -0.049632800603588746,
        -0.0431790897855592,
        -0.04044058980883697,
        -0.03794388819357584,
        -0.03509475764681611,
        -0.033021006115857,
        -0.03152599234458226,
        -0.03163605815326659,
        -0.035034682599665995,
        -0.009276746425571076
    ],
    "Cl_alpha": [
        -0.21581410283261007,
        -0.36287327024952143,
        -1.5106987198282704,
        -2.022541016811806,
        2.3624959752560946,
        3.7089467938135288,
        4.585572220363688,
        5.458377928279641,
        5.838439932383089,
        6.069532909752521,
        6.193673765364199,
        6.239510388974664,
        6.249059685560178,
        6.2490596855601765,
        6.264338560097,
        6.273887856682513,
        6.271977997365411,
        6.260518841462794,
        6.098180799509061,
        6.195583624681301
    ],
    "M": [
        50.0,
        50.0,
        50.0,
        50.0,
        50.0,
        50.0,
        50.0,
        50.0,
        50.0,
        50.0,
        50.0,
        50.0,
        50.0,
        50.0,
        50.0,
        50.0,
        50.0,
        50.0,
        50.0,
        50.0
    ],
    "span": [
        0.005315011557610248,
        0.005315011557610234,
        0.005315011557610244,
        0.005315011557610244,
        0.005315011557610244,
        0.005315011557610237,
        0.005315011557610244,
        0.005315011557610244,
        0.005315011557610244,
        0.005315011557610244,
        0.005315011557610244,
        0.005315011557610244,
        0.00531501155761023,
        0.005315011557610244,
        0.00531501155761023,
        0.005315011557610244,
        0.005315011557610244,
        0.005315011557610244,
        0.005315011557610244
    ]
}