    {
    "ref_point": [
        0.0,
        0.22340000000000002,
        0.0
    ],
    "chord": [
        0.24819650640000002,
        0.21197139216,
        0.17574627792,
        0.139589256,
        0.1035003264
    ],
    "twist": [
        41.627,
        24.66840975609756,
        19.008499999999998,
        16.17951219512195,
        14.481
    ],
    "thick": [
        0.029783580768,
        0.0254365670592,
        0.021089553350399998,
        0.01675071072,
        0.012420039167999998
    ],
    "alpha_0": [
        0.20943951023931956,
        0.23736477827122882,
        0.24434609527920614,
        0.23271056693257727,
        0.20943951023931956
    ],
    "alpha_L0": [
        9.087938565641466e-15,
        4.5142418426089754e-15,
        3.5661652392858176e-15,
        3.7973978088930516e-15,
        3.999399511527568e-15
    ],
    "Cl_alpha": [
        6.227481557771602,
        6.356483190271598,
        6.43548608189433,
        6.495456778627286,
        6.553061527429557
    ],
    "M": [
        50.0,
        50.0,
        50.0,
        50.0,
        50.0
    ],
    "span": [
        0.22340000000000002,
        0.2234000000000001,
        0.22339999999999993,
        0.22339999999999993
    ]
}